"","species","censusyear","N_present"
"1","Acalypha diversifolia",1982,300
"2","Acalypha diversifolia",1985,264
"3","Acalypha diversifolia",1990,179
"4","Acalypha diversifolia",1995,111
"5","Acalypha diversifolia",2000,107
"6","Acalypha diversifolia",2005,116
"7","Acalypha diversifolia",2010,151
"8","Acalypha diversifolia",2015,185
"9","Acalypha macrostachya",1982,5
"10","Acalypha macrostachya",1985,6
"11","Acalypha macrostachya",1990,7
"12","Acalypha macrostachya",1995,4
"13","Acalypha macrostachya",2000,1
"14","Acalypha macrostachya",2005,1
"15","Acalypha macrostachya",2010,3
"16","Acalypha macrostachya",2015,3
"17","Adelia triloba",1982,33
"18","Adelia triloba",1985,35
"19","Adelia triloba",1990,32
"20","Adelia triloba",1995,27
"21","Adelia triloba",2000,23
"22","Adelia triloba",2005,20
"23","Adelia triloba",2010,19
"24","Adelia triloba",2015,15
"25","Aegiphila panamensis",1982,16
"26","Aegiphila panamensis",1985,15
"27","Aegiphila panamensis",1990,13
"28","Aegiphila panamensis",1995,11
"29","Aegiphila panamensis",2000,10
"30","Aegiphila panamensis",2005,9
"31","Aegiphila panamensis",2010,8
"32","Aegiphila panamensis",2015,7
"33","Alchornea costaricensis",1982,24
"34","Alchornea costaricensis",1985,27
"35","Alchornea costaricensis",1990,27
"36","Alchornea costaricensis",1995,30
"37","Alchornea costaricensis",2000,29
"38","Alchornea costaricensis",2005,30
"39","Alchornea costaricensis",2010,29
"40","Alchornea costaricensis",2015,27
"41","Alibertia edulis",1982,12
"42","Alibertia edulis",1985,14
"43","Alibertia edulis",1990,12
"44","Alibertia edulis",1995,13
"45","Alibertia edulis",2000,11
"46","Alibertia edulis",2005,11
"47","Alibertia edulis",2010,10
"48","Alibertia edulis",2015,10
"49","Allophylus psilospermus",1982,11
"50","Allophylus psilospermus",1985,13
"51","Allophylus psilospermus",1990,11
"52","Allophylus psilospermus",1995,11
"53","Allophylus psilospermus",2000,11
"54","Allophylus psilospermus",2005,9
"55","Allophylus psilospermus",2010,8
"56","Allophylus psilospermus",2015,7
"57","Alseis blackiana",1982,103
"58","Alseis blackiana",1985,104
"59","Alseis blackiana",1990,107
"60","Alseis blackiana",1995,111
"61","Alseis blackiana",2000,116
"62","Alseis blackiana",2005,123
"63","Alseis blackiana",2010,128
"64","Alseis blackiana",2015,126
"65","Amaioua corymbosa",1982,2
"66","Amaioua corymbosa",1985,2
"67","Amaioua corymbosa",1990,3
"68","Amaioua corymbosa",1995,2
"69","Amaioua corymbosa",2000,2
"70","Amaioua corymbosa",2005,2
"71","Amaioua corymbosa",2010,2
"72","Amaioua corymbosa",2015,3
"73","Anacardium excelsum",1982,3
"74","Anacardium excelsum",1985,4
"75","Anacardium excelsum",1990,4
"76","Anacardium excelsum",1995,5
"77","Anacardium excelsum",2000,5
"78","Anacardium excelsum",2005,5
"79","Anacardium excelsum",2010,5
"80","Anacardium excelsum",2015,5
"81","Andira inermis inermis",1982,3
"82","Andira inermis inermis",1985,1
"83","Andira inermis inermis",1990,1
"84","Andira inermis inermis",1995,0
"85","Andira inermis inermis",2000,0
"86","Andira inermis inermis",2005,0
"87","Andira inermis inermis",2010,0
"88","Andira inermis inermis",2015,0
"89","Annona acuminata",1982,112
"90","Annona acuminata",1985,129
"91","Annona acuminata",1990,141
"92","Annona acuminata",1995,143
"93","Annona acuminata",2000,129
"94","Annona acuminata",2005,121
"95","Annona acuminata",2010,111
"96","Annona acuminata",2015,98
"97","Annona spraguei",1982,5
"98","Annona spraguei",1985,6
"99","Annona spraguei",1990,6
"100","Annona spraguei",1995,8
"101","Annona spraguei",2000,8
"102","Annona spraguei",2005,5
"103","Annona spraguei",2010,2
"104","Annona spraguei",2015,2
"105","Apeiba membranacea",1982,35
"106","Apeiba membranacea",1985,33
"107","Apeiba membranacea",1990,29
"108","Apeiba membranacea",1995,26
"109","Apeiba membranacea",2000,25
"110","Apeiba membranacea",2005,24
"111","Apeiba membranacea",2010,23
"112","Apeiba membranacea",2015,21
"113","Apeiba tibourbou",1982,5
"114","Apeiba tibourbou",1985,5
"115","Apeiba tibourbou",1990,6
"116","Apeiba tibourbou",1995,6
"117","Apeiba tibourbou",2000,6
"118","Apeiba tibourbou",2005,5
"119","Apeiba tibourbou",2010,9
"120","Apeiba tibourbou",2015,7
"121","Aphelandra sinclairiana",1982,2
"122","Aphelandra sinclairiana",1985,1
"123","Aphelandra sinclairiana",1990,0
"124","Aphelandra sinclairiana",1995,0
"125","Aphelandra sinclairiana",2000,0
"126","Aphelandra sinclairiana",2005,0
"127","Aphelandra sinclairiana",2010,0
"128","Aphelandra sinclairiana",2015,0
"129","Ardisia standleyana",1982,6
"130","Ardisia standleyana",1985,7
"131","Ardisia standleyana",1990,8
"132","Ardisia standleyana",1995,8
"133","Ardisia standleyana",2000,13
"134","Ardisia standleyana",2005,13
"135","Ardisia standleyana",2010,12
"136","Ardisia standleyana",2015,12
"137","Aspidosperma spruceanum",1982,8
"138","Aspidosperma spruceanum",1985,8
"139","Aspidosperma spruceanum",1990,7
"140","Aspidosperma spruceanum",1995,7
"141","Aspidosperma spruceanum",2000,8
"142","Aspidosperma spruceanum",2005,10
"143","Aspidosperma spruceanum",2010,11
"144","Aspidosperma spruceanum",2015,10
"145","Astrocaryum standleyanum",1982,74
"146","Astrocaryum standleyanum",1985,67
"147","Astrocaryum standleyanum",1990,67
"148","Astrocaryum standleyanum",1995,61
"149","Astrocaryum standleyanum",2000,55
"150","Astrocaryum standleyanum",2005,49
"151","Astrocaryum standleyanum",2010,45
"152","Astrocaryum standleyanum",2015,40
"153","Astronium graveolens",1982,3
"154","Astronium graveolens",1985,3
"155","Astronium graveolens",1990,2
"156","Astronium graveolens",1995,2
"157","Astronium graveolens",2000,1
"158","Astronium graveolens",2005,1
"159","Astronium graveolens",2010,2
"160","Astronium graveolens",2015,2
"161","Attalea butyracea",1982,16
"162","Attalea butyracea",1985,16
"163","Attalea butyracea",1990,13
"164","Attalea butyracea",1995,11
"165","Attalea butyracea",2000,12
"166","Attalea butyracea",2005,12
"167","Attalea butyracea",2010,11
"168","Attalea butyracea",2015,9
"169","Bactris coloniata",1982,49
"170","Bactris coloniata",1985,38
"171","Bactris coloniata",1990,23
"172","Bactris coloniata",1995,19
"173","Bactris coloniata",2000,19
"174","Bactris coloniata",2005,19
"175","Bactris coloniata",2010,19
"176","Bactris coloniata",2015,23
"177","Bactris coloradonis",1982,8
"178","Bactris coloradonis",1985,5
"179","Bactris coloradonis",1990,2
"180","Bactris coloradonis",1995,0
"181","Bactris coloradonis",2000,0
"182","Bactris coloradonis",2005,0
"183","Bactris coloradonis",2010,0
"184","Bactris coloradonis",2015,0
"185","Bactris major major",1982,30
"186","Bactris major major",1985,30
"187","Bactris major major",1990,29
"188","Bactris major major",1995,21
"189","Bactris major major",2000,12
"190","Bactris major major",2005,7
"191","Bactris major major",2010,7
"192","Bactris major major",2015,7
"193","Beilschmiedia pendula",1982,6
"194","Beilschmiedia pendula",1985,6
"195","Beilschmiedia pendula",1990,7
"196","Beilschmiedia pendula",1995,8
"197","Beilschmiedia pendula",2000,8
"198","Beilschmiedia pendula",2005,8
"199","Beilschmiedia pendula",2010,7
"200","Beilschmiedia pendula",2015,6
"201","Brosimum alicastrum bolivarense",1982,18
"202","Brosimum alicastrum bolivarense",1985,17
"203","Brosimum alicastrum bolivarense",1990,17
"204","Brosimum alicastrum bolivarense",1995,16
"205","Brosimum alicastrum bolivarense",2000,14
"206","Brosimum alicastrum bolivarense",2005,13
"207","Brosimum alicastrum bolivarense",2010,13
"208","Brosimum alicastrum bolivarense",2015,12
"209","Calophyllum longifolium",1982,3
"210","Calophyllum longifolium",1985,2
"211","Calophyllum longifolium",1990,2
"212","Calophyllum longifolium",1995,2
"213","Calophyllum longifolium",2000,2
"214","Calophyllum longifolium",2005,2
"215","Calophyllum longifolium",2010,2
"216","Calophyllum longifolium",2015,5
"217","Capparis frondosa",1982,911
"218","Capparis frondosa",1985,977
"219","Capparis frondosa",1990,916
"220","Capparis frondosa",1995,844
"221","Capparis frondosa",2000,762
"222","Capparis frondosa",2005,684
"223","Capparis frondosa",2010,591
"224","Capparis frondosa",2015,519
"225","Casearia aculeata",1982,29
"226","Casearia aculeata",1985,26
"227","Casearia aculeata",1990,27
"228","Casearia aculeata",1995,24
"229","Casearia aculeata",2000,25
"230","Casearia aculeata",2005,22
"231","Casearia aculeata",2010,22
"232","Casearia aculeata",2015,22
"233","Casearia arborea",1982,12
"234","Casearia arborea",1985,9
"235","Casearia arborea",1990,9
"236","Casearia arborea",1995,11
"237","Casearia arborea",2000,12
"238","Casearia arborea",2005,11
"239","Casearia arborea",2010,11
"240","Casearia arborea",2015,6
"241","Casearia guianensis",1982,2
"242","Casearia guianensis",1985,2
"243","Casearia guianensis",1990,2
"244","Casearia guianensis",1995,2
"245","Casearia guianensis",2000,2
"246","Casearia guianensis",2005,2
"247","Casearia guianensis",2010,2
"248","Casearia guianensis",2015,2
"249","Casearia sylvestris sylvestris",1982,19
"250","Casearia sylvestris sylvestris",1985,18
"251","Casearia sylvestris sylvestris",1990,16
"252","Casearia sylvestris sylvestris",1995,16
"253","Casearia sylvestris sylvestris",2000,13
"254","Casearia sylvestris sylvestris",2005,10
"255","Casearia sylvestris sylvestris",2010,9
"256","Casearia sylvestris sylvestris",2015,7
"257","Cassipourea elliptica",1982,20
"258","Cassipourea elliptica",1985,22
"259","Cassipourea elliptica",1990,21
"260","Cassipourea elliptica",1995,20
"261","Cassipourea elliptica",2000,21
"262","Cassipourea elliptica",2005,25
"263","Cassipourea elliptica",2010,27
"264","Cassipourea elliptica",2015,26
"265","Cavanillesia platanifolia",1982,10
"266","Cavanillesia platanifolia",1985,10
"267","Cavanillesia platanifolia",1990,10
"268","Cavanillesia platanifolia",1995,10
"269","Cavanillesia platanifolia",2000,10
"270","Cavanillesia platanifolia",2005,10
"271","Cavanillesia platanifolia",2010,10
"272","Cavanillesia platanifolia",2015,10
"273","Cecropia insignis",1982,38
"274","Cecropia insignis",1985,36
"275","Cecropia insignis",1990,24
"276","Cecropia insignis",1995,27
"277","Cecropia insignis",2000,25
"278","Cecropia insignis",2005,20
"279","Cecropia insignis",2010,16
"280","Cecropia insignis",2015,11
"281","Cecropia obtusifolia",1982,1
"282","Cecropia obtusifolia",1985,1
"283","Cecropia obtusifolia",1990,1
"284","Cecropia obtusifolia",1995,2
"285","Cecropia obtusifolia",2000,5
"286","Cecropia obtusifolia",2005,20
"287","Cecropia obtusifolia",2010,24
"288","Cecropia obtusifolia",2015,39
"289","Ceiba pentandra",1982,9
"290","Ceiba pentandra",1985,9
"291","Ceiba pentandra",1990,8
"292","Ceiba pentandra",1995,8
"293","Ceiba pentandra",2000,8
"294","Ceiba pentandra",2005,8
"295","Ceiba pentandra",2010,7
"296","Ceiba pentandra",2015,2
"297","Celtis schippii",1982,0
"298","Celtis schippii",1985,0
"299","Celtis schippii",1990,0
"300","Celtis schippii",1995,0
"301","Celtis schippii",2000,1
"302","Celtis schippii",2005,2
"303","Celtis schippii",2010,3
"304","Celtis schippii",2015,6
"305","Cestrum megalophyllum",1982,73
"306","Cestrum megalophyllum",1985,60
"307","Cestrum megalophyllum",1990,45
"308","Cestrum megalophyllum",1995,25
"309","Cestrum megalophyllum",2000,16
"310","Cestrum megalophyllum",2005,17
"311","Cestrum megalophyllum",2010,11
"312","Cestrum megalophyllum",2015,22
"313","Chamaedorea tepejilote",1982,8
"314","Chamaedorea tepejilote",1985,6
"315","Chamaedorea tepejilote",1990,5
"316","Chamaedorea tepejilote",1995,6
"317","Chamaedorea tepejilote",2000,5
"318","Chamaedorea tepejilote",2005,3
"319","Chamaedorea tepejilote",2010,2
"320","Chamaedorea tepejilote",2015,1
"321","Chrysochlamys eclipes",1982,69
"322","Chrysochlamys eclipes",1985,73
"323","Chrysochlamys eclipes",1990,71
"324","Chrysochlamys eclipes",1995,70
"325","Chrysochlamys eclipes",2000,68
"326","Chrysochlamys eclipes",2005,64
"327","Chrysochlamys eclipes",2010,62
"328","Chrysochlamys eclipes",2015,58
"329","Chrysophyllum argenteum panamense",1982,1
"330","Chrysophyllum argenteum panamense",1985,2
"331","Chrysophyllum argenteum panamense",1990,2
"332","Chrysophyllum argenteum panamense",1995,3
"333","Chrysophyllum argenteum panamense",2000,3
"334","Chrysophyllum argenteum panamense",2005,3
"335","Chrysophyllum argenteum panamense",2010,4
"336","Chrysophyllum argenteum panamense",2015,4
"337","Chrysophyllum cainito",1982,1
"338","Chrysophyllum cainito",1985,1
"339","Chrysophyllum cainito",1990,1
"340","Chrysophyllum cainito",1995,1
"341","Chrysophyllum cainito",2000,1
"342","Chrysophyllum cainito",2005,2
"343","Chrysophyllum cainito",2010,2
"344","Chrysophyllum cainito",2015,2
"345","Cinnamomum triplinerve",1982,3
"346","Cinnamomum triplinerve",1985,2
"347","Cinnamomum triplinerve",1990,2
"348","Cinnamomum triplinerve",1995,1
"349","Cinnamomum triplinerve",2000,1
"350","Cinnamomum triplinerve",2005,1
"351","Cinnamomum triplinerve",2010,2
"352","Cinnamomum triplinerve",2015,4
"353","Clidemia octona",1982,2
"354","Clidemia octona",1985,4
"355","Clidemia octona",1990,8
"356","Clidemia octona",1995,3
"357","Clidemia octona",2000,10
"358","Clidemia octona",2005,7
"359","Clidemia octona",2010,6
"360","Clidemia octona",2015,5
"361","Coccoloba coronata",1982,3
"362","Coccoloba coronata",1985,3
"363","Coccoloba coronata",1990,2
"364","Coccoloba coronata",1995,2
"365","Coccoloba coronata",2000,2
"366","Coccoloba coronata",2005,3
"367","Coccoloba coronata",2010,2
"368","Coccoloba coronata",2015,2
"369","Coccoloba manzinellensis",1982,1
"370","Coccoloba manzinellensis",1985,1
"371","Coccoloba manzinellensis",1990,2
"372","Coccoloba manzinellensis",1995,3
"373","Coccoloba manzinellensis",2000,3
"374","Coccoloba manzinellensis",2005,3
"375","Coccoloba manzinellensis",2010,3
"376","Coccoloba manzinellensis",2015,2
"377","Conostegia bracteata",1982,0
"378","Conostegia bracteata",1985,0
"379","Conostegia bracteata",1990,0
"380","Conostegia bracteata",1995,0
"381","Conostegia bracteata",2000,1
"382","Conostegia bracteata",2005,0
"383","Conostegia bracteata",2010,0
"384","Conostegia bracteata",2015,0
"385","Conostegia cinnamomea",1982,140
"386","Conostegia cinnamomea",1985,97
"387","Conostegia cinnamomea",1990,67
"388","Conostegia cinnamomea",1995,56
"389","Conostegia cinnamomea",2000,42
"390","Conostegia cinnamomea",2005,25
"391","Conostegia cinnamomea",2010,28
"392","Conostegia cinnamomea",2015,26
"393","Cordia alliodora",1982,13
"394","Cordia alliodora",1985,12
"395","Cordia alliodora",1990,14
"396","Cordia alliodora",1995,15
"397","Cordia alliodora",2000,13
"398","Cordia alliodora",2005,11
"399","Cordia alliodora",2010,10
"400","Cordia alliodora",2015,9
"401","Cordia bicolor",1982,32
"402","Cordia bicolor",1985,37
"403","Cordia bicolor",1990,42
"404","Cordia bicolor",1995,38
"405","Cordia bicolor",2000,37
"406","Cordia bicolor",2005,41
"407","Cordia bicolor",2010,46
"408","Cordia bicolor",2015,41
"409","Cordia lasiocalyx",1982,145
"410","Cordia lasiocalyx",1985,152
"411","Cordia lasiocalyx",1990,158
"412","Cordia lasiocalyx",1995,137
"413","Cordia lasiocalyx",2000,106
"414","Cordia lasiocalyx",2005,91
"415","Cordia lasiocalyx",2010,73
"416","Cordia lasiocalyx",2015,56
"417","Coussarea curvigemmia",1982,52
"418","Coussarea curvigemmia",1985,64
"419","Coussarea curvigemmia",1990,86
"420","Coussarea curvigemmia",1995,113
"421","Coussarea curvigemmia",2000,130
"422","Coussarea curvigemmia",2005,146
"423","Coussarea curvigemmia",2010,160
"424","Coussarea curvigemmia",2015,177
"425","Croton billbergianus billbergianus",1982,41
"426","Croton billbergianus billbergianus",1985,31
"427","Croton billbergianus billbergianus",1990,47
"428","Croton billbergianus billbergianus",1995,40
"429","Croton billbergianus billbergianus",2000,21
"430","Croton billbergianus billbergianus",2005,20
"431","Croton billbergianus billbergianus",2010,30
"432","Croton billbergianus billbergianus",2015,29
"433","Cupania latifolia",1982,0
"434","Cupania latifolia",1985,1
"435","Cupania latifolia",1990,1
"436","Cupania latifolia",1995,2
"437","Cupania latifolia",2000,2
"438","Cupania latifolia",2005,2
"439","Cupania latifolia",2010,2
"440","Cupania latifolia",2015,2
"441","Cupania sylvatica",1982,29
"442","Cupania sylvatica",1985,30
"443","Cupania sylvatica",1990,32
"444","Cupania sylvatica",1995,38
"445","Cupania sylvatica",2000,37
"446","Cupania sylvatica",2005,40
"447","Cupania sylvatica",2010,39
"448","Cupania sylvatica",2015,50
"449","Dendropanax arboreus",1982,3
"450","Dendropanax arboreus",1985,3
"451","Dendropanax arboreus",1990,3
"452","Dendropanax arboreus",1995,2
"453","Dendropanax arboreus",2000,1
"454","Dendropanax arboreus",2005,0
"455","Dendropanax arboreus",2010,0
"456","Dendropanax arboreus",2015,0
"457","Desmopsis panamensis",1982,1067
"458","Desmopsis panamensis",1985,1075
"459","Desmopsis panamensis",1990,1045
"460","Desmopsis panamensis",1995,1009
"461","Desmopsis panamensis",2000,966
"462","Desmopsis panamensis",2005,1024
"463","Desmopsis panamensis",2010,982
"464","Desmopsis panamensis",2015,995
"465","Diospyros artanthifolia",1982,2
"466","Diospyros artanthifolia",1985,2
"467","Diospyros artanthifolia",1990,2
"468","Diospyros artanthifolia",1995,2
"469","Diospyros artanthifolia",2000,2
"470","Diospyros artanthifolia",2005,2
"471","Diospyros artanthifolia",2010,3
"472","Diospyros artanthifolia",2015,3
"473","Dipteryx oleifera",1982,7
"474","Dipteryx oleifera",1985,7
"475","Dipteryx oleifera",1990,7
"476","Dipteryx oleifera",1995,7
"477","Dipteryx oleifera",2000,7
"478","Dipteryx oleifera",2005,7
"479","Dipteryx oleifera",2010,6
"480","Dipteryx oleifera",2015,6
"481","Drypetes standleyi",1982,31
"482","Drypetes standleyi",1985,35
"483","Drypetes standleyi",1990,42
"484","Drypetes standleyi",1995,54
"485","Drypetes standleyi",2000,61
"486","Drypetes standleyi",2005,67
"487","Drypetes standleyi",2010,77
"488","Drypetes standleyi",2015,84
"489","Erythrina costaricensis",1982,38
"490","Erythrina costaricensis",1985,39
"491","Erythrina costaricensis",1990,26
"492","Erythrina costaricensis",1995,20
"493","Erythrina costaricensis",2000,16
"494","Erythrina costaricensis",2005,10
"495","Erythrina costaricensis",2010,6
"496","Erythrina costaricensis",2015,6
"497","Erythroxylum macrophyllum",1982,13
"498","Erythroxylum macrophyllum",1985,16
"499","Erythroxylum macrophyllum",1990,23
"500","Erythroxylum macrophyllum",1995,21
"501","Erythroxylum macrophyllum",2000,13
"502","Erythroxylum macrophyllum",2005,10
"503","Erythroxylum macrophyllum",2010,8
"504","Erythroxylum macrophyllum",2015,9
"505","Erythroxylum panamense",1982,15
"506","Erythroxylum panamense",1985,15
"507","Erythroxylum panamense",1990,19
"508","Erythroxylum panamense",1995,20
"509","Erythroxylum panamense",2000,19
"510","Erythroxylum panamense",2005,20
"511","Erythroxylum panamense",2010,25
"512","Erythroxylum panamense",2015,26
"513","Eugenia coloradoensis",1982,3
"514","Eugenia coloradoensis",1985,5
"515","Eugenia coloradoensis",1990,4
"516","Eugenia coloradoensis",1995,3
"517","Eugenia coloradoensis",2000,3
"518","Eugenia coloradoensis",2005,0
"519","Eugenia coloradoensis",2010,0
"520","Eugenia coloradoensis",2015,0
"521","Eugenia galalonensis",1982,20
"522","Eugenia galalonensis",1985,26
"523","Eugenia galalonensis",1990,29
"524","Eugenia galalonensis",1995,27
"525","Eugenia galalonensis",2000,28
"526","Eugenia galalonensis",2005,24
"527","Eugenia galalonensis",2010,28
"528","Eugenia galalonensis",2015,31
"529","Eugenia nesiotica",1982,8
"530","Eugenia nesiotica",1985,9
"531","Eugenia nesiotica",1990,9
"532","Eugenia nesiotica",1995,10
"533","Eugenia nesiotica",2000,10
"534","Eugenia nesiotica",2005,10
"535","Eugenia nesiotica",2010,7
"536","Eugenia nesiotica",2015,6
"537","Eugenia oerstediana",1982,17
"538","Eugenia oerstediana",1985,13
"539","Eugenia oerstediana",1990,12
"540","Eugenia oerstediana",1995,11
"541","Eugenia oerstediana",2000,13
"542","Eugenia oerstediana",2005,14
"543","Eugenia oerstediana",2010,12
"544","Eugenia oerstediana",2015,13
"545","Faramea occidentalis",1982,1518
"546","Faramea occidentalis",1985,1789
"547","Faramea occidentalis",1990,2015
"548","Faramea occidentalis",1995,2099
"549","Faramea occidentalis",2000,2153
"550","Faramea occidentalis",2005,2203
"551","Faramea occidentalis",2010,2277
"552","Faramea occidentalis",2015,2314
"553","Ficus costaricana",1982,1
"554","Ficus costaricana",1985,1
"555","Ficus costaricana",1990,1
"556","Ficus costaricana",1995,1
"557","Ficus costaricana",2000,1
"558","Ficus costaricana",2005,1
"559","Ficus costaricana",2010,1
"560","Ficus costaricana",2015,1
"561","Ficus maxima",1982,2
"562","Ficus maxima",1985,2
"563","Ficus maxima",1990,2
"564","Ficus maxima",1995,2
"565","Ficus maxima",2000,2
"566","Ficus maxima",2005,2
"567","Ficus maxima",2010,2
"568","Ficus maxima",2015,2
"569","Ficus obtusifolia",1982,7
"570","Ficus obtusifolia",1985,5
"571","Ficus obtusifolia",1990,3
"572","Ficus obtusifolia",1995,3
"573","Ficus obtusifolia",2000,2
"574","Ficus obtusifolia",2005,2
"575","Ficus obtusifolia",2010,2
"576","Ficus obtusifolia",2015,2
"577","Ficus tonduzii",1982,7
"578","Ficus tonduzii",1985,5
"579","Ficus tonduzii",1990,3
"580","Ficus tonduzii",1995,3
"581","Ficus tonduzii",2000,2
"582","Ficus tonduzii",2005,2
"583","Ficus tonduzii",2010,2
"584","Ficus tonduzii",2015,0
"585","Ficus trigonata",1982,1
"586","Ficus trigonata",1985,1
"587","Ficus trigonata",1990,1
"588","Ficus trigonata",1995,1
"589","Ficus trigonata",2000,1
"590","Ficus trigonata",2005,1
"591","Ficus trigonata",2010,1
"592","Ficus trigonata",2015,1
"593","Ficus yoponensis",1982,1
"594","Ficus yoponensis",1985,1
"595","Ficus yoponensis",1990,1
"596","Ficus yoponensis",1995,1
"597","Ficus yoponensis",2000,1
"598","Ficus yoponensis",2005,1
"599","Ficus yoponensis",2010,1
"600","Ficus yoponensis",2015,1
"601","Garcinia intermedia",1982,22
"602","Garcinia intermedia",1985,17
"603","Garcinia intermedia",1990,20
"604","Garcinia intermedia",1995,20
"605","Garcinia intermedia",2000,27
"606","Garcinia intermedia",2005,31
"607","Garcinia intermedia",2010,32
"608","Garcinia intermedia",2015,41
"609","Garcinia madruno",1982,1
"610","Garcinia madruno",1985,1
"611","Garcinia madruno",1990,1
"612","Garcinia madruno",1995,1
"613","Garcinia madruno",2000,1
"614","Garcinia madruno",2005,0
"615","Garcinia madruno",2010,0
"616","Garcinia madruno",2015,0
"617","Genipa americana",1982,2
"618","Genipa americana",1985,3
"619","Genipa americana",1990,3
"620","Genipa americana",1995,4
"621","Genipa americana",2000,3
"622","Genipa americana",2005,2
"623","Genipa americana",2010,2
"624","Genipa americana",2015,2
"625","Guapira standleyana",1982,12
"626","Guapira standleyana",1985,12
"627","Guapira standleyana",1990,11
"628","Guapira standleyana",1995,12
"629","Guapira standleyana",2000,15
"630","Guapira standleyana",2005,15
"631","Guapira standleyana",2010,14
"632","Guapira standleyana",2015,14
"633","Guarea grandifolia",1982,2
"634","Guarea grandifolia",1985,2
"635","Guarea grandifolia",1990,2
"636","Guarea grandifolia",1995,2
"637","Guarea grandifolia",2000,2
"638","Guarea grandifolia",2005,2
"639","Guarea grandifolia",2010,2
"640","Guarea grandifolia",2015,2
"641","Guarea guidonia",1982,242
"642","Guarea guidonia",1985,253
"643","Guarea guidonia",1990,279
"644","Guarea guidonia",1995,291
"645","Guarea guidonia",2000,292
"646","Guarea guidonia",2005,277
"647","Guarea guidonia",2010,270
"648","Guarea guidonia",2015,260
"649","Guatteria dumetorum",1982,27
"650","Guatteria dumetorum",1985,29
"651","Guatteria dumetorum",1990,26
"652","Guatteria dumetorum",1995,28
"653","Guatteria dumetorum",2000,28
"654","Guatteria dumetorum",2005,28
"655","Guatteria dumetorum",2010,25
"656","Guatteria dumetorum",2015,20
"657","Guazuma ulmifolia",1982,2
"658","Guazuma ulmifolia",1985,2
"659","Guazuma ulmifolia",1990,2
"660","Guazuma ulmifolia",1995,2
"661","Guazuma ulmifolia",2000,3
"662","Guazuma ulmifolia",2005,3
"663","Guazuma ulmifolia",2010,4
"664","Guazuma ulmifolia",2015,5
"665","Guettarda foliacea",1982,18
"666","Guettarda foliacea",1985,18
"667","Guettarda foliacea",1990,16
"668","Guettarda foliacea",1995,15
"669","Guettarda foliacea",2000,11
"670","Guettarda foliacea",2005,10
"671","Guettarda foliacea",2010,10
"672","Guettarda foliacea",2015,9
"673","Gustavia superba",1982,65
"674","Gustavia superba",1985,66
"675","Gustavia superba",1990,66
"676","Gustavia superba",1995,66
"677","Gustavia superba",2000,66
"678","Gustavia superba",2005,64
"679","Gustavia superba",2010,62
"680","Gustavia superba",2015,56
"681","Hamelia axillaris",1982,22
"682","Hamelia axillaris",1985,25
"683","Hamelia axillaris",1990,27
"684","Hamelia axillaris",1995,32
"685","Hamelia axillaris",2000,29
"686","Hamelia axillaris",2005,33
"687","Hamelia axillaris",2010,29
"688","Hamelia axillaris",2015,25
"689","Hampea appendiculata",1982,9
"690","Hampea appendiculata",1985,8
"691","Hampea appendiculata",1990,6
"692","Hampea appendiculata",1995,3
"693","Hampea appendiculata",2000,1
"694","Hampea appendiculata",2005,2
"695","Hampea appendiculata",2010,15
"696","Hampea appendiculata",2015,20
"697","Hasseltia floribunda",1982,64
"698","Hasseltia floribunda",1985,60
"699","Hasseltia floribunda",1990,53
"700","Hasseltia floribunda",1995,49
"701","Hasseltia floribunda",2000,36
"702","Hasseltia floribunda",2005,31
"703","Hasseltia floribunda",2010,27
"704","Hasseltia floribunda",2015,19
"705","Heisteria acuminata",1982,11
"706","Heisteria acuminata",1985,14
"707","Heisteria acuminata",1990,16
"708","Heisteria acuminata",1995,16
"709","Heisteria acuminata",2000,17
"710","Heisteria acuminata",2005,17
"711","Heisteria acuminata",2010,16
"712","Heisteria acuminata",2015,18
"713","Heisteria concinna",1982,35
"714","Heisteria concinna",1985,42
"715","Heisteria concinna",1990,43
"716","Heisteria concinna",1995,44
"717","Heisteria concinna",2000,45
"718","Heisteria concinna",2005,45
"719","Heisteria concinna",2010,42
"720","Heisteria concinna",2015,47
"721","Herrania purpurea",1982,107
"722","Herrania purpurea",1985,112
"723","Herrania purpurea",1990,122
"724","Herrania purpurea",1995,118
"725","Herrania purpurea",2000,113
"726","Herrania purpurea",2005,116
"727","Herrania purpurea",2010,121
"728","Herrania purpurea",2015,117
"729","Hieronyma alchorneoides",1982,10
"730","Hieronyma alchorneoides",1985,10
"731","Hieronyma alchorneoides",1990,10
"732","Hieronyma alchorneoides",1995,10
"733","Hieronyma alchorneoides",2000,9
"734","Hieronyma alchorneoides",2005,9
"735","Hieronyma alchorneoides",2010,8
"736","Hieronyma alchorneoides",2015,8
"737","Hirtella triandra",1982,230
"738","Hirtella triandra",1985,240
"739","Hirtella triandra",1990,280
"740","Hirtella triandra",1995,299
"741","Hirtella triandra",2000,313
"742","Hirtella triandra",2005,331
"743","Hirtella triandra",2010,340
"744","Hirtella triandra",2015,347
"745","Hura crepitans",1982,29
"746","Hura crepitans",1985,31
"747","Hura crepitans",1990,33
"748","Hura crepitans",1995,34
"749","Hura crepitans",2000,34
"750","Hura crepitans",2005,33
"751","Hura crepitans",2010,32
"752","Hura crepitans",2015,32
"753","Hybanthus prunifolius",1982,9134
"754","Hybanthus prunifolius",1985,10199
"755","Hybanthus prunifolius",1990,10413
"756","Hybanthus prunifolius",1995,9402
"757","Hybanthus prunifolius",2000,8340
"758","Hybanthus prunifolius",2005,7803
"759","Hybanthus prunifolius",2010,7236
"760","Hybanthus prunifolius",2015,6768
"761","Inga acuminata",1982,14
"762","Inga acuminata",1985,15
"763","Inga acuminata",1990,19
"764","Inga acuminata",1995,27
"765","Inga acuminata",2000,29
"766","Inga acuminata",2005,32
"767","Inga acuminata",2010,38
"768","Inga acuminata",2015,42
"769","Inga goldmanii",1982,5
"770","Inga goldmanii",1985,4
"771","Inga goldmanii",1990,4
"772","Inga goldmanii",1995,2
"773","Inga goldmanii",2000,1
"774","Inga goldmanii",2005,0
"775","Inga goldmanii",2010,0
"776","Inga goldmanii",2015,0
"777","Inga marginata",1982,7
"778","Inga marginata",1985,4
"779","Inga marginata",1990,4
"780","Inga marginata",1995,6
"781","Inga marginata",2000,10
"782","Inga marginata",2005,12
"783","Inga marginata",2010,16
"784","Inga marginata",2015,15
"785","Inga nobilis quaternata",1982,18
"786","Inga nobilis quaternata",1985,25
"787","Inga nobilis quaternata",1990,32
"788","Inga nobilis quaternata",1995,34
"789","Inga nobilis quaternata",2000,32
"790","Inga nobilis quaternata",2005,37
"791","Inga nobilis quaternata",2010,47
"792","Inga nobilis quaternata",2015,52
"793","Inga oerstediana",1982,1
"794","Inga oerstediana",1985,0
"795","Inga oerstediana",1990,0
"796","Inga oerstediana",1995,0
"797","Inga oerstediana",2000,0
"798","Inga oerstediana",2005,0
"799","Inga oerstediana",2010,0
"800","Inga oerstediana",2015,0
"801","Inga pezizifera",1982,1
"802","Inga pezizifera",1985,0
"803","Inga pezizifera",1990,0
"804","Inga pezizifera",1995,0
"805","Inga pezizifera",2000,0
"806","Inga pezizifera",2005,0
"807","Inga pezizifera",2010,0
"808","Inga pezizifera",2015,0
"809","Inga punctata",1982,1
"810","Inga punctata",1985,1
"811","Inga punctata",1990,1
"812","Inga punctata",1995,0
"813","Inga punctata",2000,0
"814","Inga punctata",2005,0
"815","Inga punctata",2010,0
"816","Inga punctata",2015,0
"817","Inga ruiziana",1982,1
"818","Inga ruiziana",1985,1
"819","Inga ruiziana",1990,2
"820","Inga ruiziana",1995,2
"821","Inga ruiziana",2000,2
"822","Inga ruiziana",2005,1
"823","Inga ruiziana",2010,1
"824","Inga ruiziana",2015,1
"825","Inga sapindoides",1982,6
"826","Inga sapindoides",1985,6
"827","Inga sapindoides",1990,8
"828","Inga sapindoides",1995,6
"829","Inga sapindoides",2000,6
"830","Inga sapindoides",2005,4
"831","Inga sapindoides",2010,4
"832","Inga sapindoides",2015,6
"833","Inga spectabilis",1982,2
"834","Inga spectabilis",1985,2
"835","Inga spectabilis",1990,1
"836","Inga spectabilis",1995,1
"837","Inga spectabilis",2000,2
"838","Inga spectabilis",2005,1
"839","Inga spectabilis",2010,1
"840","Inga spectabilis",2015,1
"841","Inga umbellifera",1982,12
"842","Inga umbellifera",1985,12
"843","Inga umbellifera",1990,10
"844","Inga umbellifera",1995,9
"845","Inga umbellifera",2000,9
"846","Inga umbellifera",2005,10
"847","Inga umbellifera",2010,9
"848","Inga umbellifera",2015,12
"849","Jacaranda copaia spectabilis",1982,19
"850","Jacaranda copaia spectabilis",1985,24
"851","Jacaranda copaia spectabilis",1990,30
"852","Jacaranda copaia spectabilis",1995,31
"853","Jacaranda copaia spectabilis",2000,33
"854","Jacaranda copaia spectabilis",2005,33
"855","Jacaranda copaia spectabilis",2010,32
"856","Jacaranda copaia spectabilis",2015,34
"857","Lacistema aggregatum",1982,22
"858","Lacistema aggregatum",1985,26
"859","Lacistema aggregatum",1990,33
"860","Lacistema aggregatum",1995,33
"861","Lacistema aggregatum",2000,31
"862","Lacistema aggregatum",2005,32
"863","Lacistema aggregatum",2010,29
"864","Lacistema aggregatum",2015,33
"865","Lacmellea panamensis",1982,2
"866","Lacmellea panamensis",1985,2
"867","Lacmellea panamensis",1990,4
"868","Lacmellea panamensis",1995,10
"869","Lacmellea panamensis",2000,8
"870","Lacmellea panamensis",2005,10
"871","Lacmellea panamensis",2010,12
"872","Lacmellea panamensis",2015,12
"873","Laetia thamnia",1982,4
"874","Laetia thamnia",1985,5
"875","Laetia thamnia",1990,4
"876","Laetia thamnia",1995,4
"877","Laetia thamnia",2000,4
"878","Laetia thamnia",2005,8
"879","Laetia thamnia",2010,10
"880","Laetia thamnia",2015,11
"881","Licania hypoleuca",1982,2
"882","Licania hypoleuca",1985,2
"883","Licania hypoleuca",1990,3
"884","Licania hypoleuca",1995,3
"885","Licania hypoleuca",2000,3
"886","Licania hypoleuca",2005,4
"887","Licania hypoleuca",2010,4
"888","Licania hypoleuca",2015,4
"889","Lindackeria laurina",1982,22
"890","Lindackeria laurina",1985,22
"891","Lindackeria laurina",1990,20
"892","Lindackeria laurina",1995,19
"893","Lindackeria laurina",2000,15
"894","Lindackeria laurina",2005,13
"895","Lindackeria laurina",2010,9
"896","Lindackeria laurina",2015,5
"897","Lonchocarpus heptaphyllus",1982,11
"898","Lonchocarpus heptaphyllus",1985,13
"899","Lonchocarpus heptaphyllus",1990,6
"900","Lonchocarpus heptaphyllus",1995,2
"901","Lonchocarpus heptaphyllus",2000,2
"902","Lonchocarpus heptaphyllus",2005,2
"903","Lonchocarpus heptaphyllus",2010,2
"904","Lonchocarpus heptaphyllus",2015,2
"905","Luehea seemannii",1982,14
"906","Luehea seemannii",1985,14
"907","Luehea seemannii",1990,14
"908","Luehea seemannii",1995,15
"909","Luehea seemannii",2000,13
"910","Luehea seemannii",2005,13
"911","Luehea seemannii",2010,12
"912","Luehea seemannii",2015,11
"913","Macrocnemum roseum",1982,12
"914","Macrocnemum roseum",1985,12
"915","Macrocnemum roseum",1990,13
"916","Macrocnemum roseum",1995,13
"917","Macrocnemum roseum",2000,14
"918","Macrocnemum roseum",2005,13
"919","Macrocnemum roseum",2010,13
"920","Macrocnemum roseum",2015,14
"921","Malpighia romeroana",1982,8
"922","Malpighia romeroana",1985,13
"923","Malpighia romeroana",1990,11
"924","Malpighia romeroana",1995,9
"925","Malpighia romeroana",2000,6
"926","Malpighia romeroana",2005,8
"927","Malpighia romeroana",2010,7
"928","Malpighia romeroana",2015,9
"929","Maquira guianensis costaricana",1982,55
"930","Maquira guianensis costaricana",1985,56
"931","Maquira guianensis costaricana",1990,43
"932","Maquira guianensis costaricana",1995,39
"933","Maquira guianensis costaricana",2000,37
"934","Maquira guianensis costaricana",2005,39
"935","Maquira guianensis costaricana",2010,41
"936","Maquira guianensis costaricana",2015,39
"937","Marila laxiflora",1982,1
"938","Marila laxiflora",1985,1
"939","Marila laxiflora",1990,1
"940","Marila laxiflora",1995,1
"941","Marila laxiflora",2000,2
"942","Marila laxiflora",2005,2
"943","Marila laxiflora",2010,2
"944","Marila laxiflora",2015,1
"945","Maytenus schippii",1982,8
"946","Maytenus schippii",1985,8
"947","Maytenus schippii",1990,9
"948","Maytenus schippii",1995,9
"949","Maytenus schippii",2000,10
"950","Maytenus schippii",2005,10
"951","Maytenus schippii",2010,9
"952","Maytenus schippii",2015,8
"953","Miconia affinis",1982,2
"954","Miconia affinis",1985,6
"955","Miconia affinis",1990,3
"956","Miconia affinis",1995,6
"957","Miconia affinis",2000,9
"958","Miconia affinis",2005,7
"959","Miconia affinis",2010,4
"960","Miconia affinis",2015,6
"961","Miconia argentea",1982,11
"962","Miconia argentea",1985,13
"963","Miconia argentea",1990,11
"964","Miconia argentea",1995,13
"965","Miconia argentea",2000,14
"966","Miconia argentea",2005,12
"967","Miconia argentea",2010,13
"968","Miconia argentea",2015,12
"969","Miconia impetiolaris",1982,1
"970","Miconia impetiolaris",1985,1
"971","Miconia impetiolaris",1990,1
"972","Miconia impetiolaris",1995,1
"973","Miconia impetiolaris",2000,2
"974","Miconia impetiolaris",2005,1
"975","Miconia impetiolaris",2010,0
"976","Miconia impetiolaris",2015,0
"977","Miconia nervosa",1982,7
"978","Miconia nervosa",1985,6
"979","Miconia nervosa",1990,13
"980","Miconia nervosa",1995,8
"981","Miconia nervosa",2000,11
"982","Miconia nervosa",2005,9
"983","Miconia nervosa",2010,8
"984","Miconia nervosa",2015,7
"985","Mosannona garwoodii",1982,18
"986","Mosannona garwoodii",1985,18
"987","Mosannona garwoodii",1990,21
"988","Mosannona garwoodii",1995,23
"989","Mosannona garwoodii",2000,22
"990","Mosannona garwoodii",2005,24
"991","Mosannona garwoodii",2010,25
"992","Mosannona garwoodii",2015,27
"993","Mouriri myrtilloides parvifolia",1982,431
"994","Mouriri myrtilloides parvifolia",1985,479
"995","Mouriri myrtilloides parvifolia",1990,541
"996","Mouriri myrtilloides parvifolia",1995,538
"997","Mouriri myrtilloides parvifolia",2000,515
"998","Mouriri myrtilloides parvifolia",2005,523
"999","Mouriri myrtilloides parvifolia",2010,539
"1000","Mouriri myrtilloides parvifolia",2015,535
"1001","Myrcia gatunensis",1982,0
"1002","Myrcia gatunensis",1985,0
"1003","Myrcia gatunensis",1990,0
"1004","Myrcia gatunensis",1995,1
"1005","Myrcia gatunensis",2000,0
"1006","Myrcia gatunensis",2005,0
"1007","Myrcia gatunensis",2010,0
"1008","Myrcia gatunensis",2015,0
"1009","Nectandra cissiflora",1982,2
"1010","Nectandra cissiflora",1985,2
"1011","Nectandra cissiflora",1990,2
"1012","Nectandra cissiflora",1995,2
"1013","Nectandra cissiflora",2000,0
"1014","Nectandra cissiflora",2005,0
"1015","Nectandra cissiflora",2010,0
"1016","Nectandra cissiflora",2015,0
"1017","Nectandra lineata",1982,2
"1018","Nectandra lineata",1985,0
"1019","Nectandra lineata",1990,0
"1020","Nectandra lineata",1995,0
"1021","Nectandra lineata",2000,0
"1022","Nectandra lineata",2005,0
"1023","Nectandra lineata",2010,0
"1024","Nectandra lineata",2015,0
"1025","Nectandra purpurea",1982,0
"1026","Nectandra purpurea",1985,0
"1027","Nectandra purpurea",1990,1
"1028","Nectandra purpurea",1995,1
"1029","Nectandra purpurea",2000,1
"1030","Nectandra purpurea",2005,1
"1031","Nectandra purpurea",2010,1
"1032","Nectandra purpurea",2015,1
"1033","Neea amplifolia",1982,9
"1034","Neea amplifolia",1985,9
"1035","Neea amplifolia",1990,13
"1036","Neea amplifolia",1995,14
"1037","Neea amplifolia",2000,9
"1038","Neea amplifolia",2005,8
"1039","Neea amplifolia",2010,8
"1040","Neea amplifolia",2015,10
"1041","Ocotea cernua",1982,16
"1042","Ocotea cernua",1985,21
"1043","Ocotea cernua",1990,15
"1044","Ocotea cernua",1995,18
"1045","Ocotea cernua",2000,12
"1046","Ocotea cernua",2005,17
"1047","Ocotea cernua",2010,24
"1048","Ocotea cernua",2015,28
"1049","Ocotea oblonga",1982,8
"1050","Ocotea oblonga",1985,8
"1051","Ocotea oblonga",1990,4
"1052","Ocotea oblonga",1995,6
"1053","Ocotea oblonga",2000,6
"1054","Ocotea oblonga",2005,6
"1055","Ocotea oblonga",2010,4
"1056","Ocotea oblonga",2015,6
"1057","Ocotea puberula",1982,0
"1058","Ocotea puberula",1985,0
"1059","Ocotea puberula",1990,0
"1060","Ocotea puberula",1995,1
"1061","Ocotea puberula",2000,2
"1062","Ocotea puberula",2005,2
"1063","Ocotea puberula",2010,2
"1064","Ocotea puberula",2015,2
"1065","Ocotea whitei",1982,24
"1066","Ocotea whitei",1985,24
"1067","Ocotea whitei",1990,22
"1068","Ocotea whitei",1995,24
"1069","Ocotea whitei",2000,23
"1070","Ocotea whitei",2005,28
"1071","Ocotea whitei",2010,38
"1072","Ocotea whitei",2015,45
"1073","Oenocarpus mapora",1982,343
"1074","Oenocarpus mapora",1985,344
"1075","Oenocarpus mapora",1990,341
"1076","Oenocarpus mapora",1995,349
"1077","Oenocarpus mapora",2000,347
"1078","Oenocarpus mapora",2005,347
"1079","Oenocarpus mapora",2010,339
"1080","Oenocarpus mapora",2015,325
"1081","Ormosia macrocalyx",1982,1
"1082","Ormosia macrocalyx",1985,1
"1083","Ormosia macrocalyx",1990,1
"1084","Ormosia macrocalyx",1995,1
"1085","Ormosia macrocalyx",2000,1
"1086","Ormosia macrocalyx",2005,1
"1087","Ormosia macrocalyx",2010,1
"1088","Ormosia macrocalyx",2015,1
"1089","Ouratea lucens",1982,40
"1090","Ouratea lucens",1985,49
"1091","Ouratea lucens",1990,49
"1092","Ouratea lucens",1995,49
"1093","Ouratea lucens",2000,49
"1094","Ouratea lucens",2005,49
"1095","Ouratea lucens",2010,51
"1096","Ouratea lucens",2015,48
"1097","Palicourea guianensis",1982,59
"1098","Palicourea guianensis",1985,122
"1099","Palicourea guianensis",1990,213
"1100","Palicourea guianensis",1995,162
"1101","Palicourea guianensis",2000,149
"1102","Palicourea guianensis",2005,184
"1103","Palicourea guianensis",2010,184
"1104","Palicourea guianensis",2015,175
"1105","Pentagonia macrophylla",1982,82
"1106","Pentagonia macrophylla",1985,77
"1107","Pentagonia macrophylla",1990,80
"1108","Pentagonia macrophylla",1995,71
"1109","Pentagonia macrophylla",2000,58
"1110","Pentagonia macrophylla",2005,54
"1111","Pentagonia macrophylla",2010,53
"1112","Pentagonia macrophylla",2015,49
"1113","Perebea xanthochyma",1982,2
"1114","Perebea xanthochyma",1985,2
"1115","Perebea xanthochyma",1990,2
"1116","Perebea xanthochyma",1995,2
"1117","Perebea xanthochyma",2000,2
"1118","Perebea xanthochyma",2005,2
"1119","Perebea xanthochyma",2010,2
"1120","Perebea xanthochyma",2015,2
"1121","Picramnia latifolia",1982,97
"1122","Picramnia latifolia",1985,112
"1123","Picramnia latifolia",1990,110
"1124","Picramnia latifolia",1995,106
"1125","Picramnia latifolia",2000,99
"1126","Picramnia latifolia",2005,88
"1127","Picramnia latifolia",2010,82
"1128","Picramnia latifolia",2015,73
"1129","Piper aequale",1982,49
"1130","Piper aequale",1985,37
"1131","Piper aequale",1990,22
"1132","Piper aequale",1995,9
"1133","Piper aequale",2000,4
"1134","Piper aequale",2005,3
"1135","Piper aequale",2010,4
"1136","Piper aequale",2015,3
"1137","Piper arboreum",1982,10
"1138","Piper arboreum",1985,9
"1139","Piper arboreum",1990,6
"1140","Piper arboreum",1995,3
"1141","Piper arboreum",2000,4
"1142","Piper arboreum",2005,4
"1143","Piper arboreum",2010,4
"1144","Piper arboreum",2015,4
"1145","Piper colonense",1982,11
"1146","Piper colonense",1985,7
"1147","Piper colonense",1990,3
"1148","Piper colonense",1995,3
"1149","Piper colonense",2000,1
"1150","Piper colonense",2005,0
"1151","Piper colonense",2010,0
"1152","Piper colonense",2015,0
"1153","Piper cordulatum",1982,412
"1154","Piper cordulatum",1985,459
"1155","Piper cordulatum",1990,241
"1156","Piper cordulatum",1995,71
"1157","Piper cordulatum",2000,15
"1158","Piper cordulatum",2005,8
"1159","Piper cordulatum",2010,6
"1160","Piper cordulatum",2015,7
"1161","Piper perlasense",1982,27
"1162","Piper perlasense",1985,28
"1163","Piper perlasense",1990,18
"1164","Piper perlasense",1995,12
"1165","Piper perlasense",2000,7
"1166","Piper perlasense",2005,2
"1167","Piper perlasense",2010,2
"1168","Piper perlasense",2015,0
"1169","Piper reticulatum",1982,21
"1170","Piper reticulatum",1985,24
"1171","Piper reticulatum",1990,23
"1172","Piper reticulatum",1995,23
"1173","Piper reticulatum",2000,22
"1174","Piper reticulatum",2005,21
"1175","Piper reticulatum",2010,21
"1176","Piper reticulatum",2015,22
"1177","Platymiscium pinnatum polystachyum",1982,12
"1178","Platymiscium pinnatum polystachyum",1985,11
"1179","Platymiscium pinnatum polystachyum",1990,10
"1180","Platymiscium pinnatum polystachyum",1995,9
"1181","Platymiscium pinnatum polystachyum",2000,11
"1182","Platymiscium pinnatum polystachyum",2005,10
"1183","Platymiscium pinnatum polystachyum",2010,10
"1184","Platymiscium pinnatum polystachyum",2015,10
"1185","Platypodium elegans",1982,9
"1186","Platypodium elegans",1985,8
"1187","Platypodium elegans",1990,5
"1188","Platypodium elegans",1995,5
"1189","Platypodium elegans",2000,5
"1190","Platypodium elegans",2005,5
"1191","Platypodium elegans",2010,2
"1192","Platypodium elegans",2015,2
"1193","Posoqueria latifolia",1982,7
"1194","Posoqueria latifolia",1985,7
"1195","Posoqueria latifolia",1990,8
"1196","Posoqueria latifolia",1995,8
"1197","Posoqueria latifolia",2000,7
"1198","Posoqueria latifolia",2005,7
"1199","Posoqueria latifolia",2010,7
"1200","Posoqueria latifolia",2015,9
"1201","Poulsenia armata",1982,29
"1202","Poulsenia armata",1985,18
"1203","Poulsenia armata",1990,10
"1204","Poulsenia armata",1995,13
"1205","Poulsenia armata",2000,13
"1206","Poulsenia armata",2005,16
"1207","Poulsenia armata",2010,15
"1208","Poulsenia armata",2015,12
"1209","Pouteria reticulata reticulata",1982,13
"1210","Pouteria reticulata reticulata",1985,13
"1211","Pouteria reticulata reticulata",1990,16
"1212","Pouteria reticulata reticulata",1995,16
"1213","Pouteria reticulata reticulata",2000,20
"1214","Pouteria reticulata reticulata",2005,20
"1215","Pouteria reticulata reticulata",2010,20
"1216","Pouteria reticulata reticulata",2015,21
"1217","Pouteria stipitata",1982,5
"1218","Pouteria stipitata",1985,5
"1219","Pouteria stipitata",1990,5
"1220","Pouteria stipitata",1995,5
"1221","Pouteria stipitata",2000,5
"1222","Pouteria stipitata",2005,5
"1223","Pouteria stipitata",2010,5
"1224","Pouteria stipitata",2015,6
"1225","Prioria copaifera",1982,2
"1226","Prioria copaifera",1985,2
"1227","Prioria copaifera",1990,2
"1228","Prioria copaifera",1995,3
"1229","Prioria copaifera",2000,4
"1230","Prioria copaifera",2005,4
"1231","Prioria copaifera",2010,5
"1232","Prioria copaifera",2015,6
"1233","Protium costaricense",1982,8
"1234","Protium costaricense",1985,3
"1235","Protium costaricense",1990,3
"1236","Protium costaricense",1995,5
"1237","Protium costaricense",2000,4
"1238","Protium costaricense",2005,4
"1239","Protium costaricense",2010,2
"1240","Protium costaricense",2015,6
"1241","Protium panamense",1982,17
"1242","Protium panamense",1985,18
"1243","Protium panamense",1990,20
"1244","Protium panamense",1995,19
"1245","Protium panamense",2000,21
"1246","Protium panamense",2005,20
"1247","Protium panamense",2010,20
"1248","Protium panamense",2015,23
"1249","Protium tenuifolium",1982,64
"1250","Protium tenuifolium",1985,63
"1251","Protium tenuifolium",1990,57
"1252","Protium tenuifolium",1995,59
"1253","Protium tenuifolium",2000,62
"1254","Protium tenuifolium",2005,57
"1255","Protium tenuifolium",2010,63
"1256","Protium tenuifolium",2015,64
"1257","Pseudobombax septenatum",1982,2
"1258","Pseudobombax septenatum",1985,2
"1259","Pseudobombax septenatum",1990,2
"1260","Pseudobombax septenatum",1995,2
"1261","Pseudobombax septenatum",2000,1
"1262","Pseudobombax septenatum",2005,1
"1263","Pseudobombax septenatum",2010,1
"1264","Pseudobombax septenatum",2015,1
"1265","Psidium friedrichsthalianum",1982,1
"1266","Psidium friedrichsthalianum",1985,1
"1267","Psidium friedrichsthalianum",1990,1
"1268","Psidium friedrichsthalianum",1995,1
"1269","Psidium friedrichsthalianum",2000,1
"1270","Psidium friedrichsthalianum",2005,1
"1271","Psidium friedrichsthalianum",2010,1
"1272","Psidium friedrichsthalianum",2015,1
"1273","Psychotria acuminata",1982,0
"1274","Psychotria acuminata",1985,0
"1275","Psychotria acuminata",1990,1
"1276","Psychotria acuminata",1995,0
"1277","Psychotria acuminata",2000,0
"1278","Psychotria acuminata",2005,0
"1279","Psychotria acuminata",2010,0
"1280","Psychotria acuminata",2015,0
"1281","Psychotria chagrensis",1982,3
"1282","Psychotria chagrensis",1985,4
"1283","Psychotria chagrensis",1990,4
"1284","Psychotria chagrensis",1995,1
"1285","Psychotria chagrensis",2000,0
"1286","Psychotria chagrensis",2005,0
"1287","Psychotria chagrensis",2010,0
"1288","Psychotria chagrensis",2015,0
"1289","Psychotria cyanococca",1982,2
"1290","Psychotria cyanococca",1985,1
"1291","Psychotria cyanococca",1990,1
"1292","Psychotria cyanococca",1995,1
"1293","Psychotria cyanococca",2000,1
"1294","Psychotria cyanococca",2005,0
"1295","Psychotria cyanococca",2010,0
"1296","Psychotria cyanococca",2015,0
"1297","Psychotria deflexa",1982,9
"1298","Psychotria deflexa",1985,9
"1299","Psychotria deflexa",1990,4
"1300","Psychotria deflexa",1995,3
"1301","Psychotria deflexa",2000,2
"1302","Psychotria deflexa",2005,4
"1303","Psychotria deflexa",2010,4
"1304","Psychotria deflexa",2015,6
"1305","Psychotria grandis",1982,3
"1306","Psychotria grandis",1985,2
"1307","Psychotria grandis",1990,3
"1308","Psychotria grandis",1995,3
"1309","Psychotria grandis",2000,5
"1310","Psychotria grandis",2005,4
"1311","Psychotria grandis",2010,3
"1312","Psychotria grandis",2015,3
"1313","Psychotria hoffmannseggiana",1982,0
"1314","Psychotria hoffmannseggiana",1985,0
"1315","Psychotria hoffmannseggiana",1990,1
"1316","Psychotria hoffmannseggiana",1995,0
"1317","Psychotria hoffmannseggiana",2000,0
"1318","Psychotria hoffmannseggiana",2005,0
"1319","Psychotria hoffmannseggiana",2010,0
"1320","Psychotria hoffmannseggiana",2015,0
"1321","Psychotria horizontalis",1982,1667
"1322","Psychotria horizontalis",1985,1797
"1323","Psychotria horizontalis",1990,1555
"1324","Psychotria horizontalis",1995,1188
"1325","Psychotria horizontalis",2000,883
"1326","Psychotria horizontalis",2005,640
"1327","Psychotria horizontalis",2010,446
"1328","Psychotria horizontalis",2015,294
"1329","Psychotria limonensis",1982,5
"1330","Psychotria limonensis",1985,5
"1331","Psychotria limonensis",1990,5
"1332","Psychotria limonensis",1995,3
"1333","Psychotria limonensis",2000,11
"1334","Psychotria limonensis",2005,6
"1335","Psychotria limonensis",2010,4
"1336","Psychotria limonensis",2015,13
"1337","Psychotria marginata",1982,75
"1338","Psychotria marginata",1985,76
"1339","Psychotria marginata",1990,79
"1340","Psychotria marginata",1995,66
"1341","Psychotria marginata",2000,62
"1342","Psychotria marginata",2005,56
"1343","Psychotria marginata",2010,60
"1344","Psychotria marginata",2015,90
"1345","Psychotria racemosa",1982,0
"1346","Psychotria racemosa",1985,0
"1347","Psychotria racemosa",1990,1
"1348","Psychotria racemosa",1995,0
"1349","Psychotria racemosa",2000,0
"1350","Psychotria racemosa",2005,0
"1351","Psychotria racemosa",2010,0
"1352","Psychotria racemosa",2015,0
"1353","Psychotria tenuifolia",1982,3
"1354","Psychotria tenuifolia",1985,2
"1355","Psychotria tenuifolia",1990,1
"1356","Psychotria tenuifolia",1995,0
"1357","Psychotria tenuifolia",2000,0
"1358","Psychotria tenuifolia",2005,0
"1359","Psychotria tenuifolia",2010,0
"1360","Psychotria tenuifolia",2015,0
"1361","Pterocarpus rohrii",1982,10
"1362","Pterocarpus rohrii",1985,6
"1363","Pterocarpus rohrii",1990,2
"1364","Pterocarpus rohrii",1995,2
"1365","Pterocarpus rohrii",2000,1
"1366","Pterocarpus rohrii",2005,1
"1367","Pterocarpus rohrii",2010,0
"1368","Pterocarpus rohrii",2015,0
"1369","Quararibea asterolepis",1982,143
"1370","Quararibea asterolepis",1985,132
"1371","Quararibea asterolepis",1990,123
"1372","Quararibea asterolepis",1995,128
"1373","Quararibea asterolepis",2000,126
"1374","Quararibea asterolepis",2005,120
"1375","Quararibea asterolepis",2010,123
"1376","Quararibea asterolepis",2015,114
"1377","Quassia amara",1982,57
"1378","Quassia amara",1985,64
"1379","Quassia amara",1990,65
"1380","Quassia amara",1995,63
"1381","Quassia amara",2000,63
"1382","Quassia amara",2005,61
"1383","Quassia amara",2010,54
"1384","Quassia amara",2015,47
"1385","Randia armata",1982,132
"1386","Randia armata",1985,132
"1387","Randia armata",1990,136
"1388","Randia armata",1995,130
"1389","Randia armata",2000,123
"1390","Randia armata",2005,119
"1391","Randia armata",2010,118
"1392","Randia armata",2015,118
"1393","Rinorea sylvatica",1982,165
"1394","Rinorea sylvatica",1985,183
"1395","Rinorea sylvatica",1990,203
"1396","Rinorea sylvatica",1995,188
"1397","Rinorea sylvatica",2000,176
"1398","Rinorea sylvatica",2005,171
"1399","Rinorea sylvatica",2010,171
"1400","Rinorea sylvatica",2015,181
"1401","Sapium glandulosum",1982,6
"1402","Sapium glandulosum",1985,5
"1403","Sapium glandulosum",1990,3
"1404","Sapium glandulosum",1995,3
"1405","Sapium glandulosum",2000,3
"1406","Sapium glandulosum",2005,3
"1407","Sapium glandulosum",2010,3
"1408","Sapium glandulosum",2015,2
"1409","Senna dariensis dariensis",1982,37
"1410","Senna dariensis dariensis",1985,28
"1411","Senna dariensis dariensis",1990,26
"1412","Senna dariensis dariensis",1995,20
"1413","Senna dariensis dariensis",2000,21
"1414","Senna dariensis dariensis",2005,41
"1415","Senna dariensis dariensis",2010,36
"1416","Senna dariensis dariensis",2015,72
"1417","Simarouba amara",1982,15
"1418","Simarouba amara",1985,16
"1419","Simarouba amara",1990,17
"1420","Simarouba amara",1995,18
"1421","Simarouba amara",2000,19
"1422","Simarouba amara",2005,20
"1423","Simarouba amara",2010,18
"1424","Simarouba amara",2015,16
"1425","Siparuna pauciflora",1982,41
"1426","Siparuna pauciflora",1985,42
"1427","Siparuna pauciflora",1990,43
"1428","Siparuna pauciflora",1995,40
"1429","Siparuna pauciflora",2000,36
"1430","Siparuna pauciflora",2005,32
"1431","Siparuna pauciflora",2010,27
"1432","Siparuna pauciflora",2015,26
"1433","Sloanea terniflora",1982,5
"1434","Sloanea terniflora",1985,5
"1435","Sloanea terniflora",1990,5
"1436","Sloanea terniflora",1995,5
"1437","Sloanea terniflora",2000,4
"1438","Sloanea terniflora",2005,4
"1439","Sloanea terniflora",2010,4
"1440","Sloanea terniflora",2015,5
"1441","Socratea exorrhiza",1982,11
"1442","Socratea exorrhiza",1985,13
"1443","Socratea exorrhiza",1990,20
"1444","Socratea exorrhiza",1995,24
"1445","Socratea exorrhiza",2000,25
"1446","Socratea exorrhiza",2005,23
"1447","Socratea exorrhiza",2010,25
"1448","Socratea exorrhiza",2015,25
"1449","Solanum hayesii",1982,13
"1450","Solanum hayesii",1985,9
"1451","Solanum hayesii",1990,6
"1452","Solanum hayesii",1995,6
"1453","Solanum hayesii",2000,8
"1454","Solanum hayesii",2005,11
"1455","Solanum hayesii",2010,4
"1456","Solanum hayesii",2015,16
"1457","Sorocea affinis",1982,427
"1458","Sorocea affinis",1985,440
"1459","Sorocea affinis",1990,452
"1460","Sorocea affinis",1995,447
"1461","Sorocea affinis",2000,425
"1462","Sorocea affinis",2005,392
"1463","Sorocea affinis",2010,344
"1464","Sorocea affinis",2015,330
"1465","Spondias mombin",1982,1
"1466","Spondias mombin",1985,1
"1467","Spondias mombin",1990,1
"1468","Spondias mombin",1995,1
"1469","Spondias mombin",2000,1
"1470","Spondias mombin",2005,2
"1471","Spondias mombin",2010,2
"1472","Spondias mombin",2015,2
"1473","Spondias radlkoferi",1982,6
"1474","Spondias radlkoferi",1985,7
"1475","Spondias radlkoferi",1990,7
"1476","Spondias radlkoferi",1995,7
"1477","Spondias radlkoferi",2000,7
"1478","Spondias radlkoferi",2005,7
"1479","Spondias radlkoferi",2010,7
"1480","Spondias radlkoferi",2015,7
"1481","Stemmadenia grandiflora",1982,1
"1482","Stemmadenia grandiflora",1985,1
"1483","Stemmadenia grandiflora",1990,0
"1484","Stemmadenia grandiflora",1995,0
"1485","Stemmadenia grandiflora",2000,0
"1486","Stemmadenia grandiflora",2005,0
"1487","Stemmadenia grandiflora",2010,0
"1488","Stemmadenia grandiflora",2015,0
"1489","Sterculia apetala apetala",1982,7
"1490","Sterculia apetala apetala",1985,7
"1491","Sterculia apetala apetala",1990,7
"1492","Sterculia apetala apetala",1995,8
"1493","Sterculia apetala apetala",2000,8
"1494","Sterculia apetala apetala",2005,8
"1495","Sterculia apetala apetala",2010,7
"1496","Sterculia apetala apetala",2015,5
"1497","Stylogyne turbacensis",1982,18
"1498","Stylogyne turbacensis",1985,25
"1499","Stylogyne turbacensis",1990,22
"1500","Stylogyne turbacensis",1995,23
"1501","Stylogyne turbacensis",2000,20
"1502","Stylogyne turbacensis",2005,19
"1503","Stylogyne turbacensis",2010,15
"1504","Stylogyne turbacensis",2015,21
"1505","Swartzia simplex continentalis",1982,162
"1506","Swartzia simplex continentalis",1985,201
"1507","Swartzia simplex continentalis",1990,214
"1508","Swartzia simplex continentalis",1995,214
"1509","Swartzia simplex continentalis",2000,215
"1510","Swartzia simplex continentalis",2005,219
"1511","Swartzia simplex continentalis",2010,220
"1512","Swartzia simplex continentalis",2015,233
"1513","Swartzia simplex grandiflora",1982,61
"1514","Swartzia simplex grandiflora",1985,64
"1515","Swartzia simplex grandiflora",1990,62
"1516","Swartzia simplex grandiflora",1995,64
"1517","Swartzia simplex grandiflora",2000,65
"1518","Swartzia simplex grandiflora",2005,65
"1519","Swartzia simplex grandiflora",2010,76
"1520","Swartzia simplex grandiflora",2015,79
"1521","Symphonia globulifera",1982,6
"1522","Symphonia globulifera",1985,3
"1523","Symphonia globulifera",1990,1
"1524","Symphonia globulifera",1995,1
"1525","Symphonia globulifera",2000,1
"1526","Symphonia globulifera",2005,1
"1527","Symphonia globulifera",2010,1
"1528","Symphonia globulifera",2015,0
"1529","Tabebuia guayacan",1982,4
"1530","Tabebuia guayacan",1985,4
"1531","Tabebuia guayacan",1990,5
"1532","Tabebuia guayacan",1995,5
"1533","Tabebuia guayacan",2000,4
"1534","Tabebuia guayacan",2005,3
"1535","Tabebuia guayacan",2010,2
"1536","Tabebuia guayacan",2015,2
"1537","Tabebuia rosea",1982,10
"1538","Tabebuia rosea",1985,7
"1539","Tabebuia rosea",1990,8
"1540","Tabebuia rosea",1995,8
"1541","Tabebuia rosea",2000,9
"1542","Tabebuia rosea",2005,10
"1543","Tabebuia rosea",2010,9
"1544","Tabebuia rosea",2015,9
"1545","Tabernaemontana arborea",1982,12
"1546","Tabernaemontana arborea",1985,15
"1547","Tabernaemontana arborea",1990,13
"1548","Tabernaemontana arborea",1995,13
"1549","Tabernaemontana arborea",2000,16
"1550","Tabernaemontana arborea",2005,18
"1551","Tabernaemontana arborea",2010,16
"1552","Tabernaemontana arborea",2015,18
"1553","Tachigali versicolor",1982,5
"1554","Tachigali versicolor",1985,4
"1555","Tachigali versicolor",1990,2
"1556","Tachigali versicolor",1995,3
"1557","Tachigali versicolor",2000,2
"1558","Tachigali versicolor",2005,1
"1559","Tachigali versicolor",2010,2
"1560","Tachigali versicolor",2015,2
"1561","Talisia croatii",1982,6
"1562","Talisia croatii",1985,7
"1563","Talisia croatii",1990,3
"1564","Talisia croatii",1995,2
"1565","Talisia croatii",2000,2
"1566","Talisia croatii",2005,3
"1567","Talisia croatii",2010,3
"1568","Talisia croatii",2015,3
"1569","Talisia nervosa",1982,160
"1570","Talisia nervosa",1985,178
"1571","Talisia nervosa",1990,178
"1572","Talisia nervosa",1995,186
"1573","Talisia nervosa",2000,188
"1574","Talisia nervosa",2005,194
"1575","Talisia nervosa",2010,191
"1576","Talisia nervosa",2015,192
"1577","Terminalia amazonia",1982,1
"1578","Terminalia amazonia",1985,1
"1579","Terminalia amazonia",1990,1
"1580","Terminalia amazonia",1995,1
"1581","Terminalia amazonia",2000,1
"1582","Terminalia amazonia",2005,1
"1583","Terminalia amazonia",2010,1
"1584","Terminalia amazonia",2015,1
"1585","Terminalia oblonga",1982,17
"1586","Terminalia oblonga",1985,17
"1587","Terminalia oblonga",1990,17
"1588","Terminalia oblonga",1995,18
"1589","Terminalia oblonga",2000,18
"1590","Terminalia oblonga",2005,19
"1591","Terminalia oblonga",2010,19
"1592","Terminalia oblonga",2015,18
"1593","Ternstroemia tepezapote",1982,0
"1594","Ternstroemia tepezapote",1985,1
"1595","Ternstroemia tepezapote",1990,1
"1596","Ternstroemia tepezapote",1995,1
"1597","Ternstroemia tepezapote",2000,1
"1598","Ternstroemia tepezapote",2005,0
"1599","Ternstroemia tepezapote",2010,0
"1600","Ternstroemia tepezapote",2015,0
"1601","Tetragastris panamensis",1982,34
"1602","Tetragastris panamensis",1985,36
"1603","Tetragastris panamensis",1990,37
"1604","Tetragastris panamensis",1995,38
"1605","Tetragastris panamensis",2000,34
"1606","Tetragastris panamensis",2005,37
"1607","Tetragastris panamensis",2010,33
"1608","Tetragastris panamensis",2015,29
"1609","Tetrathylacium johansenii",1982,1
"1610","Tetrathylacium johansenii",1985,1
"1611","Tetrathylacium johansenii",1990,1
"1612","Tetrathylacium johansenii",1995,1
"1613","Tetrathylacium johansenii",2000,1
"1614","Tetrathylacium johansenii",2005,1
"1615","Tetrathylacium johansenii",2010,1
"1616","Tetrathylacium johansenii",2015,0
"1617","Theobroma cacao",1982,2
"1618","Theobroma cacao",1985,2
"1619","Theobroma cacao",1990,3
"1620","Theobroma cacao",1995,3
"1621","Theobroma cacao",2000,3
"1622","Theobroma cacao",2005,3
"1623","Theobroma cacao",2010,3
"1624","Theobroma cacao",2015,3
"1625","Thevetia ahouai",1982,7
"1626","Thevetia ahouai",1985,10
"1627","Thevetia ahouai",1990,10
"1628","Thevetia ahouai",1995,8
"1629","Thevetia ahouai",2000,17
"1630","Thevetia ahouai",2005,17
"1631","Thevetia ahouai",2010,18
"1632","Thevetia ahouai",2015,16
"1633","Tocoyena pittieri",1982,1
"1634","Tocoyena pittieri",1985,1
"1635","Tocoyena pittieri",1990,1
"1636","Tocoyena pittieri",1995,1
"1637","Tocoyena pittieri",2000,1
"1638","Tocoyena pittieri",2005,1
"1639","Tocoyena pittieri",2010,1
"1640","Tocoyena pittieri",2015,1
"1641","Trattinnickia aspera",1982,3
"1642","Trattinnickia aspera",1985,3
"1643","Trattinnickia aspera",1990,4
"1644","Trattinnickia aspera",1995,5
"1645","Trattinnickia aspera",2000,6
"1646","Trattinnickia aspera",2005,5
"1647","Trattinnickia aspera",2010,4
"1648","Trattinnickia aspera",2015,2
"1649","Trema micrantha",1982,0
"1650","Trema micrantha",1985,0
"1651","Trema micrantha",1990,0
"1652","Trema micrantha",1995,0
"1653","Trema micrantha",2000,0
"1654","Trema micrantha",2005,0
"1655","Trema micrantha",2010,2
"1656","Trema micrantha",2015,0
"1657","Trichanthera gigantea",1982,1
"1658","Trichanthera gigantea",1985,0
"1659","Trichanthera gigantea",1990,0
"1660","Trichanthera gigantea",1995,0
"1661","Trichanthera gigantea",2000,0
"1662","Trichanthera gigantea",2005,0
"1663","Trichanthera gigantea",2010,0
"1664","Trichanthera gigantea",2015,0
"1665","Trichilia pallida",1982,17
"1666","Trichilia pallida",1985,17
"1667","Trichilia pallida",1990,19
"1668","Trichilia pallida",1995,21
"1669","Trichilia pallida",2000,21
"1670","Trichilia pallida",2005,20
"1671","Trichilia pallida",2010,25
"1672","Trichilia pallida",2015,25
"1673","Trichilia tuberculata",1982,114
"1674","Trichilia tuberculata",1985,104
"1675","Trichilia tuberculata",1990,85
"1676","Trichilia tuberculata",1995,89
"1677","Trichilia tuberculata",2000,93
"1678","Trichilia tuberculata",2005,76
"1679","Trichilia tuberculata",2010,66
"1680","Trichilia tuberculata",2015,62
"1681","Triplaris cumingiana",1982,19
"1682","Triplaris cumingiana",1985,16
"1683","Triplaris cumingiana",1990,19
"1684","Triplaris cumingiana",1995,22
"1685","Triplaris cumingiana",2000,21
"1686","Triplaris cumingiana",2005,21
"1687","Triplaris cumingiana",2010,19
"1688","Triplaris cumingiana",2015,16
"1689","Trophis caucana",1982,30
"1690","Trophis caucana",1985,36
"1691","Trophis caucana",1990,36
"1692","Trophis caucana",1995,32
"1693","Trophis caucana",2000,29
"1694","Trophis caucana",2005,26
"1695","Trophis caucana",2010,25
"1696","Trophis caucana",2015,18
"1697","Trophis racemosa",1982,25
"1698","Trophis racemosa",1985,24
"1699","Trophis racemosa",1990,18
"1700","Trophis racemosa",1995,15
"1701","Trophis racemosa",2000,12
"1702","Trophis racemosa",2005,8
"1703","Trophis racemosa",2010,8
"1704","Trophis racemosa",2015,7
"1705","Turpinia occidentalis",1982,4
"1706","Turpinia occidentalis",1985,2
"1707","Turpinia occidentalis",1990,3
"1708","Turpinia occidentalis",1995,4
"1709","Turpinia occidentalis",2000,5
"1710","Turpinia occidentalis",2005,4
"1711","Turpinia occidentalis",2010,5
"1712","Turpinia occidentalis",2015,3
"1713","Unonopsis pittieri",1982,47
"1714","Unonopsis pittieri",1985,52
"1715","Unonopsis pittieri",1990,66
"1716","Unonopsis pittieri",1995,66
"1717","Unonopsis pittieri",2000,69
"1718","Unonopsis pittieri",2005,72
"1719","Unonopsis pittieri",2010,65
"1720","Unonopsis pittieri",2015,56
"1721","Virola multiflora",1982,3
"1722","Virola multiflora",1985,3
"1723","Virola multiflora",1990,4
"1724","Virola multiflora",1995,4
"1725","Virola multiflora",2000,5
"1726","Virola multiflora",2005,5
"1727","Virola multiflora",2010,6
"1728","Virola multiflora",2015,6
"1729","Virola sebifera",1982,54
"1730","Virola sebifera",1985,57
"1731","Virola sebifera",1990,70
"1732","Virola sebifera",1995,68
"1733","Virola sebifera",2000,68
"1734","Virola sebifera",2005,58
"1735","Virola sebifera",2010,63
"1736","Virola sebifera",2015,51
"1737","Virola surinamensis",1982,24
"1738","Virola surinamensis",1985,24
"1739","Virola surinamensis",1990,24
"1740","Virola surinamensis",1995,29
"1741","Virola surinamensis",2000,28
"1742","Virola surinamensis",2005,28
"1743","Virola surinamensis",2010,26
"1744","Virola surinamensis",2015,27
"1745","Vismia baccifera",1982,3
"1746","Vismia baccifera",1985,2
"1747","Vismia baccifera",1990,4
"1748","Vismia baccifera",1995,4
"1749","Vismia baccifera",2000,3
"1750","Vismia baccifera",2005,5
"1751","Vismia baccifera",2010,7
"1752","Vismia baccifera",2015,9
"1753","Vochysia ferruginea",1982,0
"1754","Vochysia ferruginea",1985,0
"1755","Vochysia ferruginea",1990,2
"1756","Vochysia ferruginea",1995,2
"1757","Vochysia ferruginea",2000,1
"1758","Vochysia ferruginea",2005,1
"1759","Vochysia ferruginea",2010,2
"1760","Vochysia ferruginea",2015,2
"1761","Xylopia macrantha",1982,58
"1762","Xylopia macrantha",1985,71
"1763","Xylopia macrantha",1990,90
"1764","Xylopia macrantha",1995,100
"1765","Xylopia macrantha",2000,113
"1766","Xylopia macrantha",2005,131
"1767","Xylopia macrantha",2010,149
"1768","Xylopia macrantha",2015,179
"1769","Xylosma oligandra",1982,35
"1770","Xylosma oligandra",1985,37
"1771","Xylosma oligandra",1990,38
"1772","Xylosma oligandra",1995,29
"1773","Xylosma oligandra",2000,27
"1774","Xylosma oligandra",2005,18
"1775","Xylosma oligandra",2010,17
"1776","Xylosma oligandra",2015,7
"1777","Zanthoxylum acuminatum",1982,1
"1778","Zanthoxylum acuminatum",1985,2
"1779","Zanthoxylum acuminatum",1990,3
"1780","Zanthoxylum acuminatum",1995,3
"1781","Zanthoxylum acuminatum",2000,3
"1782","Zanthoxylum acuminatum",2005,1
"1783","Zanthoxylum acuminatum",2010,1
"1784","Zanthoxylum acuminatum",2015,1
"1785","Zanthoxylum ekmanii",1982,12
"1786","Zanthoxylum ekmanii",1985,16
"1787","Zanthoxylum ekmanii",1990,15
"1788","Zanthoxylum ekmanii",1995,18
"1789","Zanthoxylum ekmanii",2000,22
"1790","Zanthoxylum ekmanii",2005,25
"1791","Zanthoxylum ekmanii",2010,27
"1792","Zanthoxylum ekmanii",2015,21
"1793","Zanthoxylum panamense",1982,3
"1794","Zanthoxylum panamense",1985,3
"1795","Zanthoxylum panamense",1990,5
"1796","Zanthoxylum panamense",1995,4
"1797","Zanthoxylum panamense",2000,4
"1798","Zanthoxylum panamense",2005,6
"1799","Zanthoxylum panamense",2010,9
"1800","Zanthoxylum panamense",2015,6
"1801","Zanthoxylum setulosum",1982,1
"1802","Zanthoxylum setulosum",1985,1
"1803","Zanthoxylum setulosum",1990,1
"1804","Zanthoxylum setulosum",1995,1
"1805","Zanthoxylum setulosum",2000,1
"1806","Zanthoxylum setulosum",2005,1
"1807","Zanthoxylum setulosum",2010,1
"1808","Zanthoxylum setulosum",2015,0
"1809","Zuelania guidonia",1982,2
"1810","Zuelania guidonia",1985,2
"1811","Zuelania guidonia",1990,2
"1812","Zuelania guidonia",1995,3
"1813","Zuelania guidonia",2000,3
"1814","Zuelania guidonia",2005,3
"1815","Zuelania guidonia",2010,2
"1816","Zuelania guidonia",2015,2
